{"cameraMode":{"drawMode":0,"name":"Shaded","section":"Shading Mode"},"sceneLighting":false,"audioPlay":false,"sceneViewState":{"showFog":true,"showMaterialUpdate":false,"showSkybox":true,"showFlares":true,"showImageEffects":true,"showParticleSystems":true,"showVisualEffectGraphs":true,"m_FxEnabled":true},"in2DMode":false,"pivot":{"x":1029.4810791015625,"y":595.7169799804688,"z":254.31072998046876},"rotation":{"x":0.03149454668164253,"y":0.0033122727181762459,"z":-0.00012386545131448656,"w":0.9995274543762207},"size":868.7542114257813,"orthographic":false}