{"cameraMode":{"drawMode":0,"name":"Shaded","section":"Shading Mode"},"sceneLighting":false,"audioPlay":false,"sceneViewState":{"showFog":true,"showMaterialUpdate":false,"showSkybox":false,"showFlares":true,"showImageEffects":true,"showParticleSystems":true,"showVisualEffectGraphs":true,"m_FxEnabled":true},"in2DMode":false,"pivot":{"x":0.40799999237060549,"y":0.05845000222325325,"z":-0.3959999978542328},"rotation":{"x":0.2401016354560852,"y":0.6264325380325317,"z":-0.21166083216667176,"w":0.710781991481781},"size":0.6888204216957092,"orthographic":false}