{"cameraMode":{"drawMode":0,"name":"Shaded","section":"Shading Mode"},"sceneLighting":false,"audioPlay":false,"sceneViewState":{"showFog":true,"showMaterialUpdate":false,"showSkybox":false,"showFlares":true,"showImageEffects":true,"showParticleSystems":true,"showVisualEffectGraphs":true,"m_FxEnabled":true},"in2DMode":false,"pivot":{"x":1.862645149230957e-9,"y":0.02250250056385994,"z":0.0035399971529841425},"rotation":{"x":-0.16895557940006257,"y":-0.023052506148815156,"z":0.004032711498439312,"w":-0.9853972792625427},"size":0.33278876543045046,"orthographic":false}